32,Coastal,ADEFAS_Pepperwood,a
33,Coastal,ADEFAS_StuntRanch,b
34,Coastal,ARBMEN_Pepperwood,c
35,Coastal,ARCGLA_StuntRanch,d
36,Coastal,CEACUN_Pepperwood,e
37,Coastal,CEAPAR_Pepperwood,f
38,Coastal,CEASPI_StuntRanch,g
39,Coastal,CERBET_StuntRanch,h
40,Coastal,ERIFAS_StuntRanch,i
41,Coastal,HETARB_Pepperwood,j
42,Coastal,HETARB_StuntRanch,k
43,Coastal,MALLAU_StuntRanch,l
44,Coastal,PSEMEN_Pepperwood,m
45,Coastal,QUEAGR_Pepperwood,n
46,Coastal,QUEAGR_Sedgwick,o
47,Coastal,QUEAGR_StuntRanch,p
48,Coastal,QUEBER_StuntRanch,q
49,Coastal,QUEDOU_Pepperwood,r
50,Coastal,QUEDOU_Sedgwick,s
51,Coastal,QUEDUR_Pepperwood,t
52,Coastal,QUEGAR_Pepperwood,u
53,Coastal,QUEKEL_Pepperwood,v
54,Coastal,SALLEU_StuntRanch,w
55,Coastal,SALMEL_StuntRanch,x
56,Coastal,UMBCAL_Pepperwood,y